{"_runtime":33,"_timestamp":1.7769070388177028e+09,"train_loss":1.3190159797668457,"total_time_s":30.96330189704895,"step":49,"_wandb":{"runtime":33},"final_loss":1.3190159797668457,"lr":3.032885321492373e-05,"_step":49}